app_id,dev_id,hardware_serial,port,counter,is_retry,latitude,longitude,distancia,time,frequency,modulation,data_rate,airtime,coding_rate,gtw_id,timestamp,gtime,channel,rssi,snr,rf_chain,glatitude,glongitude,altitude,location_source
bus_gps_data,gps_sensor_4,00C47EF7D5B01DCC,1,13,False,0.0,0.0,4308085.08,2019-12-17T14:51:26.334264075Z,916.8,LORA,SF9BW125,267264000,4/5,eui-b827ebfffeb50b01,715459492,,2,-102,5.2,0,-3.7464726,-38.578144,1,registry
bus_gps_data,gps_sensor_4,00C47EF7D5B01DCC,1,14,False,0.0,0.0,4308085.08,2019-12-17T14:51:29.834206806Z,916.8,LORA,SF9BW125,267264000,4/5,eui-b827ebfffeb50b01,718974828,,2,-115,2.5,0,-3.7464726,-38.578144,1,registry
bus_gps_data,gps_sensor_4,00C47EF7D5B01DCC,1,15,False,0.0,0.0,4308085.08,2019-12-17T14:51:34.003525731Z,916.8,LORA,SF9BW125,267264000,4/5,eui-b827ebfffeb50b01,722814796,,2,-112,-5.8,0,-3.7464726,-38.578144,1,registry
bus_gps_data,gps_sensor_4,00C47EF7D5B01DCC,1,16,False,0.0,0.0,4308085.08,2019-12-17T14:51:37.854768535Z,916.8,LORA,SF9BW125,267264000,4/5,eui-b827ebfffeb50b01,727014836,,2,-109,5.5,0,-3.7464726,-38.578144,1,registry
bus_gps_data,gps_sensor_4,00C47EF7D5B01DCC,1,17,False,0.0,0.0,4308085.08,2019-12-17T14:51:41.643744571Z,916.8,LORA,SF9BW125,267264000,4/5,eui-b827ebfffeb50b01,730783988,,2,-107,-1.2,0,-3.7464726,-38.578144,1,registry
bus_gps_data,gps_sensor_4,00C47EF7D5B01DCC,1,18,False,0.0,0.0,4308085.08,2019-12-17T14:51:45.014740198Z,916.8,LORA,SF9BW125,267264000,4/5,eui-b827ebfffeb50b01,734145116,,2,-108,4,0,-3.7464726,-38.578144,1,registry
bus_gps_data,gps_sensor_4,00C47EF7D5B01DCC,1,20,False,0.0,0.0,4308085.08,2019-12-17T14:51:52.194721069Z,916.8,LORA,SF9BW125,267264000,4/5,eui-b827ebfffeb50b01,741377140,,2,-107,1.8,0,-3.7464726,-38.578144,1,registry
bus_gps_data,gps_sensor_4,00C47EF7D5B01DCC,1,21,False,0.0,0.0,4308085.08,2019-12-17T14:51:56.759524799Z,916.8,LORA,SF9BW125,267264000,4/5,eui-b827ebfffeb50b01,745864908,,2,-106,5.2,0,-3.7464726,-38.578144,1,registry
bus_gps_data,gps_sensor_4,00C47EF7D5B01DCC,1,22,False,0.0,0.0,4308085.08,2019-12-17T14:52:00.207157986Z,916.8,LORA,SF9BW125,267264000,4/5,eui-b827ebfffeb50b01,749368428,,2,-102,3.2,0,-3.7464726,-38.578144,1,registry
bus_gps_data,gps_sensor_4,00C47EF7D5B01DCC,1,24,False,0.0,0.0,4308085.08,2019-12-17T14:52:07.183198905Z,916.8,LORA,SF9BW125,267264000,4/5,eui-b827ebfffeb50b01,756331884,,2,-107,3.8,0,-3.7464726,-38.578144,1,registry
bus_gps_data,gps_sensor_4,00C47EF7D5B01DCC,1,25,False,0.0,0.0,4308085.08,2019-12-17T14:52:12.105394712Z,916.8,LORA,SF9BW125,267264000,4/5,eui-b827ebfffeb50b01,761255004,,2,-107,5.2,0,-3.7464726,-38.578144,1,registry
bus_gps_data,gps_sensor_4,00C47EF7D5B01DCC,1,29,False,0.0,0.0,4308085.08,2019-12-17T14:52:26.544945173Z,916.8,LORA,SF9BW125,267264000,4/5,eui-b827ebfffeb50b01,775673444,,2,-100,5,0,-3.7464726,-38.578144,1,registry
bus_gps_data,gps_sensor_4,00C47EF7D5B01DCC,1,31,False,0.0,0.0,4308085.08,2019-12-17T14:52:34.083446742Z,916.8,LORA,SF9BW125,267264000,4/5,eui-b827ebfffeb50b01,783240516,,2,-104,2,0,-3.7464726,-38.578144,1,registry
bus_gps_data,gps_sensor_4,00C47EF7D5B01DCC,1,32,False,0.0,0.0,4308085.08,2019-12-17T14:52:38.393410985Z,916.8,LORA,SF9BW125,267264000,4/5,eui-b827ebfffeb50b01,787400676,,2,-82,7.5,0,-3.7464726,-38.578144,1,registry
bus_gps_data,gps_sensor_4,00C47EF7D5B01DCC,1,33,False,0.0,0.0,4308085.08,2019-12-17T14:52:42.475171382Z,916.8,LORA,SF9BW125,267264000,4/5,eui-b827ebfffeb50b01,791662700,,2,-95,6.5,0,-3.7464726,-38.578144,1,registry
bus_gps_data,gps_sensor_4,00C47EF7D5B01DCC,1,34,False,0.0,0.0,4308085.08,2019-12-17T14:52:47.044871912Z,916.8,LORA,SF9BW125,267264000,4/5,eui-b827ebfffeb50b01,796211004,,2,-101,4.8,0,-3.7464726,-38.578144,1,registry
bus_gps_data,gps_sensor_4,00C47EF7D5B01DCC,1,35,False,0.0,0.0,4308085.08,2019-12-17T14:52:51.185748412Z,916.8,LORA,SF9BW125,267264000,4/5,eui-b827ebfffeb50b01,800363820,,2,-99,5.5,0,-3.7464726,-38.578144,1,registry
bus_gps_data,gps_sensor_4,00C47EF7D5B01DCC,1,36,False,0.0,0.0,4308085.08,2019-12-17T14:52:55.514277033Z,916.8,LORA,SF9BW125,267264000,4/5,eui-b827ebfffeb50b01,804507796,,2,-89,7.5,0,-3.7464726,-38.578144,1,registry
bus_gps_data,gps_sensor_4,00C47EF7D5B01DCC,1,43,False,0.0,0.0,4308085.08,2019-12-17T14:53:26.544424647Z,916.8,LORA,SF9BW125,267264000,4/5,eui-b827ebfffeb50b01,835666676,,2,-97,5,0,-3.7464726,-38.578144,1,registry
bus_gps_data,gps_sensor_4,00C47EF7D5B01DCC,1,45,False,0.0,0.0,4308085.08,2019-12-17T14:53:33.463228401Z,916.8,LORA,SF9BW125,267264000,4/5,eui-b827ebfffeb50b01,842602228,,2,-88,7.5,0,-3.7464726,-38.578144,1,registry
bus_gps_data,gps_sensor_4,00C47EF7D5B01DCC,1,46,False,0.0,0.0,4308085.08,2019-12-17T14:53:37.30345898Z,916.8,LORA,SF9BW125,267264000,4/5,eui-b827ebfffeb50b01,846439348,,2,-95,7.5,0,-3.7464726,-38.578144,1,registry
bus_gps_data,gps_sensor_4,00C47EF7D5B01DCC,1,47,False,0.0,0.0,4308085.08,2019-12-17T14:53:41.136723518Z,916.8,LORA,SF9BW125,267264000,4/5,eui-b827ebfffeb50b01,850238092,,2,-103,7,0,-3.7464726,-38.578144,1,registry
bus_gps_data,gps_sensor_4,00C47EF7D5B01DCC,1,48,False,0.0,0.0,4308085.08,2019-12-17T14:53:45.671787143Z,916.8,LORA,SF9BW125,267264000,4/5,eui-b827ebfffeb50b01,854792388,,2,-89,7,0,-3.7464726,-38.578144,1,registry
bus_gps_data,gps_sensor_4,00C47EF7D5B01DCC,1,49,False,0.0,0.0,4308085.08,2019-12-17T14:53:50.495713149Z,916.8,LORA,SF9BW125,267264000,4/5,eui-b827ebfffeb50b01,859638852,,2,-87,6.5,0,-3.7464726,-38.578144,1,registry
bus_gps_data,gps_sensor_4,00C47EF7D5B01DCC,1,50,False,0.0,0.0,4308085.08,2019-12-17T14:53:54.463538626Z,916.8,LORA,SF9BW125,267264000,4/5,eui-b827ebfffeb50b01,863617636,,2,-93,7.8,0,-3.7464726,-38.578144,1,registry
bus_gps_data,gps_sensor_4,00C47EF7D5B01DCC,1,51,False,0.0,0.0,4308085.08,2019-12-17T14:53:57.85841484Z,916.8,LORA,SF9BW125,267264000,4/5,eui-b827ebfffeb50b01,866978844,,2,-84,7,0,-3.7464726,-38.578144,1,registry
bus_gps_data,gps_sensor_4,00C47EF7D5B01DCC,1,52,False,0.0,0.0,4308085.08,2019-12-17T14:54:02.935352496Z,916.8,LORA,SF9BW125,267264000,4/5,eui-b827ebfffeb50b01,872051052,,2,-83,6.8,0,-3.7464726,-38.578144,1,registry
bus_gps_data,gps_sensor_4,00C47EF7D5B01DCC,1,53,False,0.0,0.0,4308085.08,2019-12-17T14:54:06.543968461Z,916.8,LORA,SF9BW125,267264000,4/5,eui-b827ebfffeb50b01,875699276,,2,-76,6.8,0,-3.7464726,-38.578144,1,registry
bus_gps_data,gps_sensor_4,00C47EF7D5B01DCC,1,54,False,0.0,0.0,4308085.08,2019-12-17T14:54:10.145789187Z,916.8,LORA,SF9BW125,267264000,4/5,eui-b827ebfffeb50b01,879279620,,2,-77,6.5,0,-3.7464726,-38.578144,1,registry
bus_gps_data,gps_sensor_4,00C47EF7D5B01DCC,1,55,False,0.0,0.0,4308085.08,2019-12-17T14:54:14.814600335Z,916.8,LORA,SF9BW125,267264000,4/5,eui-b827ebfffeb50b01,883949012,,2,-83,6,0,-3.7464726,-38.578144,1,registry
bus_gps_data,gps_sensor_4,00C47EF7D5B01DCC,1,58,False,-3.746261,-38.578055,35.18,2019-12-17T14:54:26.334680162Z,916.8,LORA,SF9BW125,267264000,4/5,eui-b827ebfffeb50b01,895478052,,2,-88,7.5,0,-3.7464726,-38.578144,1,registry
bus_gps_data,gps_sensor_4,00C47EF7D5B01DCC,1,59,False,-3.746264,-38.578054,34.88,2019-12-17T14:54:31.075288871Z,916.8,LORA,SF9BW125,267264000,4/5,eui-b827ebfffeb50b01,900079548,,2,-96,7.8,0,-3.7464726,-38.578144,1,registry
bus_gps_data,gps_sensor_4,00C47EF7D5B01DCC,1,60,False,-3.746237,-38.577992,39.85,2019-12-17T14:54:35.883329854Z,916.8,LORA,SF9BW125,267264000,4/5,eui-b827ebfffeb50b01,905029292,,2,-83,6.5,0,-3.7464726,-38.578144,1,registry
bus_gps_data,gps_sensor_4,00C47EF7D5B01DCC,1,61,False,-3.746288,-38.578072,31.85,2019-12-17T14:54:39.687497199Z,916.8,LORA,SF9BW125,267264000,4/5,eui-b827ebfffeb50b01,908863444,,2,-89,7,0,-3.7464726,-38.578144,1,registry
bus_gps_data,gps_sensor_4,00C47EF7D5B01DCC,1,62,False,-3.746284,-38.578099,31.85,2019-12-17T14:54:44.196560295Z,916.8,LORA,SF9BW125,267264000,4/5,eui-b827ebfffeb50b01,913305588,,2,-83,7,0,-3.7464726,-38.578144,1,registry
bus_gps_data,gps_sensor_4,00C47EF7D5B01DCC,1,63,False,-3.746321,-38.578092,27.86,2019-12-17T14:54:47.544446652Z,916.8,LORA,SF9BW125,267264000,4/5,eui-b827ebfffeb50b01,916666780,,2,-89,-1.2,0,-3.7464726,-38.578144,1,registry
bus_gps_data,gps_sensor_4,00C47EF7D5B01DCC,1,64,False,-3.746399,-38.578065,20.12,2019-12-17T14:54:50.894824659Z,916.8,LORA,SF9BW125,267264000,4/5,eui-b827ebfffeb50b01,920029436,,2,-77,7,0,-3.7464726,-38.578144,1,registry
bus_gps_data,gps_sensor_4,00C47EF7D5B01DCC,1,65,False,-3.746463,-38.578016,17.05,2019-12-17T14:54:55.476024023Z,916.8,LORA,SF9BW125,267264000,4/5,eui-b827ebfffeb50b01,924611732,,2,-78,7.8,0,-3.7464726,-38.578144,1,registry
bus_gps_data,gps_sensor_4,00C47EF7D5B01DCC,1,66,False,-3.746456,-38.577937,24.55,2019-12-17T14:54:58.974624348Z,916.8,LORA,SF9BW125,267264000,4/5,eui-b827ebfffeb50b01,927972916,,2,-73,8.2,0,-3.7464726,-38.578144,1,registry
bus_gps_data,gps_sensor_4,00C47EF7D5B01DCC,1,67,False,-3.746429,-38.577883,31.24,2019-12-17T14:55:03.636378752Z,916.8,LORA,SF9BW125,267264000,4/5,eui-b827ebfffeb50b01,932590620,,2,-77,7.2,0,-3.7464726,-38.578144,1,registry
bus_gps_data,gps_sensor_4,00C47EF7D5B01DCC,1,69,False,-3.74659,-38.577804,35.93,2019-12-17T14:55:12.583243393Z,916.8,LORA,SF9BW125,267264000,4/5,eui-b827ebfffeb50b01,941743460,,2,-69,8,0,-3.7464726,-38.578144,1,registry
bus_gps_data,gps_sensor_4,00C47EF7D5B01DCC,1,70,False,-3.74672,-38.57779,41.0,2019-12-17T14:55:16.340012874Z,916.8,LORA,SF9BW125,267264000,4/5,eui-b827ebfffeb50b01,945477404,,2,-71,7.2,0,-3.7464726,-38.578144,1,registry
bus_gps_data,gps_sensor_4,00C47EF7D5B01DCC,1,71,False,-3.746831,-38.577749,51.08,2019-12-17T14:55:20.495732176Z,916.8,LORA,SF9BW125,267264000,4/5,eui-b827ebfffeb50b01,949642116,,2,-77,6.2,0,-3.7464726,-38.578144,1,registry
bus_gps_data,gps_sensor_4,00C47EF7D5B01DCC,1,72,False,-3.746937,-38.57771,61.79,2019-12-17T14:55:23.895839696Z,916.8,LORA,SF9BW125,267264000,4/5,eui-b827ebfffeb50b01,953033572,,2,-83,7.8,0,-3.7464726,-38.578144,1,registry
bus_gps_data,gps_sensor_4,00C47EF7D5B01DCC,1,73,False,-3.747035,-38.577677,71.98,2019-12-17T14:55:28.186904554Z,916.8,LORA,SF9BW125,267264000,4/5,eui-b827ebfffeb50b01,957301556,,2,-99,6.8,0,-3.7464726,-38.578144,1,registry
bus_gps_data,gps_sensor_4,00C47EF7D5B01DCC,1,74,False,-3.747129,-38.577619,84.02,2019-12-17T14:55:32.234089447Z,916.8,LORA,SF9BW125,267264000,4/5,eui-b827ebfffeb50b01,961191772,,2,-101,6.8,0,-3.7464726,-38.578144,1,registry
bus_gps_data,gps_sensor_4,00C47EF7D5B01DCC,1,75,False,-3.747232,-38.577588,94.96,2019-12-17T14:55:37.254064944Z,916.8,LORA,SF9BW125,267264000,4/5,eui-b827ebfffeb50b01,966256628,,2,-90,7.5,0,-3.7464726,-38.578144,1,registry
bus_gps_data,gps_sensor_4,00C47EF7D5B01DCC,1,76,False,-3.747289,-38.577707,92.66,2019-12-17T14:55:41.867028055Z,916.8,LORA,SF9BW125,267264000,4/5,eui-b827ebfffeb50b01,970852236,,2,-97,7,0,-3.7464726,-38.578144,1,registry
bus_gps_data,gps_sensor_4,00C47EF7D5B01DCC,1,77,False,-3.74735,-38.577805,93.94,2019-12-17T14:55:45.905640673Z,916.8,LORA,SF9BW125,267264000,4/5,eui-b827ebfffeb50b01,975031748,,2,-93,7.5,0,-3.7464726,-38.578144,1,registry
bus_gps_data,gps_sensor_4,00C47EF7D5B01DCC,1,79,False,-3.747486,-38.578029,102.58,2019-12-17T14:55:53.935011636Z,916.8,LORA,SF9BW125,267264000,4/5,eui-b827ebfffeb50b01,983068980,,2,-95,6.2,0,-3.7464726,-38.578144,1,registry
bus_gps_data,gps_sensor_4,00C47EF7D5B01DCC,1,80,False,-3.747554,-38.57815,109.59,2019-12-17T14:55:58.035846621Z,916.8,LORA,SF9BW125,267264000,4/5,eui-b827ebfffeb50b01,987177604,,2,-93,7.2,0,-3.7464726,-38.578144,1,registry
bus_gps_data,gps_sensor_4,00C47EF7D5B01DCC,1,83,False,-3.747763,-38.578513,139.55,2019-12-17T14:56:11.368855655Z,916.8,LORA,SF9BW125,267264000,4/5,eui-b827ebfffeb50b01,1000347564,,2,-95,6.8,0,-3.7464726,-38.578144,1,registry
bus_gps_data,gps_sensor_4,00C47EF7D5B01DCC,1,84,False,-3.747853,-38.578661,154.63,2019-12-17T14:56:16.425944208Z,916.8,LORA,SF9BW125,267264000,4/5,eui-b827ebfffeb50b01,1005418340,,2,-94,5.8,0,-3.7464726,-38.578144,1,registry
bus_gps_data,gps_sensor_4,00C47EF7D5B01DCC,1,86,False,-3.74803,-38.578933,185.5,2019-12-17T14:56:24.302330656Z,916.8,LORA,SF9BW125,267264000,4/5,eui-b827ebfffeb50b01,1013470324,,2,-117,4.5,0,-3.7464726,-38.578144,1,registry
bus_gps_data,gps_sensor_4,00C47EF7D5B01DCC,1,87,False,-3.748109,-38.57906,200.16,2019-12-17T14:56:28.96358875Z,916.8,LORA,SF9BW125,267264000,4/5,eui-b827ebfffeb50b01,1017944916,,2,-100,1.2,0,-3.7464726,-38.578144,1,registry
bus_gps_data,gps_sensor_4,00C47EF7D5B01DCC,1,88,False,-3.748192,-38.579192,215.78,2019-12-17T14:56:32.394537198Z,916.8,LORA,SF9BW125,267264000,4/5,eui-b827ebfffeb50b01,1021475100,,2,-101,6.5,0,-3.7464726,-38.578144,1,registry
bus_gps_data,gps_sensor_4,00C47EF7D5B01DCC,1,89,False,-3.748277,-38.57932,231.57,2019-12-17T14:56:36.864526898Z,916.8,LORA,SF9BW125,267264000,4/5,eui-b827ebfffeb50b01,1025763772,,2,-100,4,0,-3.7464726,-38.578144,1,registry
bus_gps_data,gps_sensor_4,00C47EF7D5B01DCC,1,91,False,-3.74847,-38.579558,264.46,2019-12-17T14:56:44.775720455Z,916.8,LORA,SF9BW125,267264000,4/5,eui-b827ebfffeb50b01,1033653764,,2,-108,5,0,-3.7464726,-38.578144,1,registry
bus_gps_data,gps_sensor_4,00C47EF7D5B01DCC,1,93,False,-3.748675,-38.579744,295.1,2019-12-17T14:56:51.566373199Z,916.8,LORA,SF9BW125,267264000,4/5,eui-b827ebfffeb50b01,1040705244,,2,-109,4.8,0,-3.7464726,-38.578144,1,registry
bus_gps_data,gps_sensor_4,00C47EF7D5B01DCC,1,95,False,-3.748901,-38.579626,308.16,2019-12-17T14:57:00.6144119Z,916.8,LORA,SF9BW125,267264000,4/5,eui-b827ebfffeb50b01,1049610148,,2,-100,6.8,0,-3.7464726,-38.578144,1,registry
bus_gps_data,gps_sensor_4,00C47EF7D5B01DCC,1,96,False,-3.749003,-38.579533,312.49,2019-12-17T14:57:05.103169282Z,916.8,LORA,SF9BW125,267264000,4/5,eui-b827ebfffeb50b01,1053488596,,2,-103,0,0,-3.7464726,-38.578144,1,registry
bus_gps_data,gps_sensor_4,00C47EF7D5B01DCC,1,97,False,-3.749108,-38.579442,317.9,2019-12-17T14:57:09.016052741Z,916.8,LORA,SF9BW125,267264000,4/5,eui-b827ebfffeb50b01,1058157964,,2,-109,0.8,0,-3.7464726,-38.578144,1,registry
bus_gps_data,gps_sensor_4,00C47EF7D5B01DCC,1,98,False,-3.749192,-38.579369,322.68,2019-12-17T14:57:12.885370813Z,916.8,LORA,SF9BW125,267264000,4/5,eui-b827ebfffeb50b01,1062015740,,2,-106,5.8,0,-3.7464726,-38.578144,1,registry
bus_gps_data,gps_sensor_4,00C47EF7D5B01DCC,1,100,False,-3.749207,-38.579268,319.59,2019-12-17T14:57:20.217678085Z,916.8,LORA,SF9BW125,267264000,4/5,eui-b827ebfffeb50b01,1069338756,,2,-109,4,0,-3.7464726,-38.578144,1,registry
bus_gps_data,gps_sensor_4,00C47EF7D5B01DCC,1,101,False,-3.749116,-38.579179,306.42,2019-12-17T14:57:24.835296791Z,916.8,LORA,SF9BW125,267264000,4/5,eui-b827ebfffeb50b01,1073907788,,2,-103,-1.8,0,-3.7464726,-38.578144,1,registry
bus_gps_data,gps_sensor_4,00C47EF7D5B01DCC,1,103,False,-3.748945,-38.578998,281.41,2019-12-17T14:57:33.656611576Z,916.8,LORA,SF9BW125,267264000,4/5,eui-b827ebfffeb50b01,1082812740,,2,-100,1.5,0,-3.7464726,-38.578144,1,registry
bus_gps_data,gps_sensor_4,00C47EF7D5B01DCC,1,104,False,-3.748868,-38.578915,270.26,2019-12-17T14:57:37.284047023Z,916.8,LORA,SF9BW125,267264000,4/5,eui-b827ebfffeb50b01,1086413756,,2,-100,4.5,0,-3.7464726,-38.578144,1,registry
bus_gps_data,gps_sensor_4,00C47EF7D5B01DCC,1,105,False,-3.748814,-38.578819,261.26,2019-12-17T14:57:41.347450146Z,916.8,LORA,SF9BW125,267264000,4/5,eui-b827ebfffeb50b01,1090492892,,2,-100,3.8,0,-3.7464726,-38.578144,1,registry
bus_gps_data,gps_sensor_4,00C47EF7D5B01DCC,1,106,False,-3.748796,-38.578696,255.63,2019-12-17T14:57:44.783697002Z,916.8,LORA,SF9BW125,267264000,4/5,eui-b827ebfffeb50b01,1093854100,,2,-95,7.2,0,-3.7464726,-38.578144,1,registry
bus_gps_data,gps_sensor_4,00C47EF7D5B01DCC,1,109,False,-3.748759,-38.578293,244.29,2019-12-17T14:57:55.96051584Z,916.8,LORA,SF9BW125,267264000,4/5,eui-b827ebfffeb50b01,1104956596,,2,-101,1.2,0,-3.7464726,-38.578144,1,registry
bus_gps_data,gps_sensor_4,00C47EF7D5B01DCC,1,110,False,-3.748756,-38.57819,243.36,2019-12-17T14:57:59.615848356Z,916.8,LORA,SF9BW125,267264000,4/5,eui-b827ebfffeb50b01,1108742036,,2,-90,7.8,0,-3.7464726,-38.578144,1,registry
bus_gps_data,gps_sensor_4,00C47EF7D5B01DCC,1,111,False,-3.748724,-38.578055,239.83,2019-12-17T14:58:02.974312828Z,916.8,LORA,SF9BW125,267264000,4/5,eui-b827ebfffeb50b01,1112103260,,2,-97,7.8,0,-3.7464726,-38.578144,1,registry
bus_gps_data,gps_sensor_4,00C47EF7D5B01DCC,1,112,False,-3.748712,-38.577918,239.49,2019-12-17T14:58:07.488874635Z,916.8,LORA,SF9BW125,267264000,4/5,eui-b827ebfffeb50b01,1116617676,,2,-95,7.5,0,-3.7464726,-38.578144,1,registry
bus_gps_data,gps_sensor_4,00C47EF7D5B01DCC,1,114,False,-3.74868,-38.577627,241.28,2019-12-17T14:58:14.47549437Z,916.8,LORA,SF9BW125,267264000,4/5,eui-b827ebfffeb50b01,1123627124,,2,-107,1.8,0,-3.7464726,-38.578144,1,registry
bus_gps_data,gps_sensor_4,00C47EF7D5B01DCC,1,115,False,-3.74861,-38.577533,236.4,2019-12-17T14:58:18.014076208Z,916.8,LORA,SF9BW125,267264000,4/5,eui-b827ebfffeb50b01,1127141020,,2,-117,3.2,0,-3.7464726,-38.578144,1,registry
bus_gps_data,gps_sensor_4,00C47EF7D5B01DCC,1,116,False,-3.748492,-38.577425,227.64,2019-12-17T14:58:21.354729217Z,916.8,LORA,SF9BW125,267264000,4/5,eui-b827ebfffeb50b01,1130502212,,2,-99,6.2,0,-3.7464726,-38.578144,1,registry
bus_gps_data,gps_sensor_4,00C47EF7D5B01DCC,1,117,False,-3.748417,-38.577354,222.74,2019-12-17T14:58:24.945457618Z,916.8,LORA,SF9BW125,267264000,4/5,eui-b827ebfffeb50b01,1134089892,,2,-101,6,0,-3.7464726,-38.578144,1,registry
bus_gps_data,gps_sensor_4,00C47EF7D5B01DCC,1,118,False,-3.74833,-38.577287,216.93,2019-12-17T14:58:28.565474114Z,916.8,LORA,SF9BW125,267264000,4/5,eui-b827ebfffeb50b01,1137699756,,2,-108,6,0,-3.7464726,-38.578144,1,registry
bus_gps_data,gps_sensor_4,00C47EF7D5B01DCC,1,119,False,-3.748262,-38.577222,213.43,2019-12-17T14:58:32.134533274Z,916.8,LORA,SF9BW125,267264000,4/5,eui-b827ebfffeb50b01,1141218124,,2,-106,4.8,0,-3.7464726,-38.578144,1,registry
bus_gps_data,gps_sensor_4,00C47EF7D5B01DCC,1,120,False,-3.748198,-38.577113,213.3,2019-12-17T14:58:36.426060941Z,916.8,LORA,SF9BW125,267264000,4/5,eui-b827ebfffeb50b01,1145583540,,2,-105,4.2,0,-3.7464726,-38.578144,1,registry
bus_gps_data,gps_sensor_4,00C47EF7D5B01DCC,1,121,False,-3.748148,-38.576962,218.1,2019-12-17T14:58:39.815104535Z,916.8,LORA,SF9BW125,267264000,4/5,eui-b827ebfffeb50b01,1148980908,,2,-96,6.8,0,-3.7464726,-38.578144,1,registry
bus_gps_data,gps_sensor_4,00C47EF7D5B01DCC,1,122,False,-3.748101,-38.576828,223.22,2019-12-17T14:58:43.9837251Z,916.8,LORA,SF9BW125,267264000,4/5,eui-b827ebfffeb50b01,1153089556,,2,-91,1.5,0,-3.7464726,-38.578144,1,registry
bus_gps_data,gps_sensor_4,00C47EF7D5B01DCC,1,126,False,-3.747851,-38.57604,272.01,2019-12-17T14:59:00.795459855Z,916.8,LORA,SF9BW125,267264000,4/5,eui-b827ebfffeb50b01,1169895268,,2,-107,6,0,-3.7464726,-38.578144,1,registry
bus_gps_data,gps_sensor_4,00C47EF7D5B01DCC,1,128,False,-3.747907,-38.575876,290.81,2019-12-17T14:59:09.664834118Z,916.8,LORA,SF9BW125,267264000,4/5,eui-b827ebfffeb50b01,1178627532,,2,-113,-0.5,0,-3.7464726,-38.578144,1,registry
bus_gps_data,gps_sensor_4,00C47EF7D5B01DCC,1,130,False,-3.748287,-38.575723,328.19,2019-12-17T14:59:17.616672102Z,916.8,LORA,SF9BW125,267264000,4/5,eui-b827ebfffeb50b01,1186741516,,2,-117,-0.8,0,-3.7464726,-38.578144,1,registry
bus_gps_data,gps_sensor_4,00C47EF7D5B01DCC,1,131,False,-3.748402,-38.575685,339.16,2019-12-17T14:59:21.398938202Z,916.8,LORA,SF9BW125,267264000,4/5,eui-b827ebfffeb50b01,1190531396,,2,-115,3.2,0,-3.7464726,-38.578144,1,registry
bus_gps_data,gps_sensor_4,00C47EF7D5B01DCC,1,132,False,-3.748557,-38.575631,354.46,2019-12-17T14:59:25.894983333Z,916.8,LORA,SF9BW125,267264000,4/5,eui-b827ebfffeb50b01,1195056188,,2,-113,5,0,-3.7464726,-38.578144,1,registry
bus_gps_data,gps_sensor_4,00C47EF7D5B01DCC,1,133,False,-3.748762,-38.575551,375.83,2019-12-17T14:59:30.294285894Z,916.8,LORA,SF9BW125,267264000,4/5,eui-b827ebfffeb50b01,1199418636,,2,-111,-0.5,0,-3.7464726,-38.578144,1,registry
bus_gps_data,gps_sensor_4,00C47EF7D5B01DCC,1,134,False,-3.748923,-38.575469,394.45,2019-12-17T14:59:35.31274036Z,916.8,LORA,SF9BW125,267264000,4/5,eui-b827ebfffeb50b01,1204471716,,2,-108,4.2,0,-3.7464726,-38.578144,1,registry
bus_gps_data,gps_sensor_4,00C47EF7D5B01DCC,1,138,False,-3.749526,-38.574987,479.21,2019-12-17T14:59:50.345280694Z,916.8,LORA,SF9BW125,267264000,4/5,eui-b827ebfffeb50b01,1219474852,,2,-109,-4.8,0,-3.7464726,-38.578144,1,registry
bus_gps_data,gps_sensor_4,00C47EF7D5B01DCC,1,139,False,-3.74963,-38.574893,494.74,2019-12-17T14:59:53.71330896Z,916.8,LORA,SF9BW125,267264000,4/5,eui-b827ebfffeb50b01,1222837500,,2,-115,0.2,0,-3.7464726,-38.578144,1,registry
bus_gps_data,gps_sensor_4,00C47EF7D5B01DCC,1,169,False,-3.753124,-38.573607,885.04,2019-12-17T15:01:48.257402421Z,916.8,LORA,SF9BW125,267264000,4/5,eui-b827ebfffeb50b01,1337414028,,2,-114,-7.2,0,-3.7464726,-38.578144,1,registry
bus_gps_data,gps_sensor_4,00C47EF7D5B01DCC,1,172,False,-3.752604,-38.573959,815.24,2019-12-17T15:02:01.092692554Z,916.8,LORA,SF9BW125,267264000,4/5,eui-b827ebfffeb50b01,1350208564,,2,-117,-8.5,0,-3.7464726,-38.578144,1,registry
bus_gps_data,gps_sensor_4,00C47EF7D5B01DCC,1,179,False,-3.752108,-38.574285,749.28,2019-12-17T15:02:29.738015012Z,916.8,LORA,SF9BW125,267264000,4/5,eui-b827ebfffeb50b01,1378863516,,2,-114,-5.8,0,-3.7464726,-38.578144,1,registry
bus_gps_data,gps_sensor_4,00C47EF7D5B01DCC,1,192,False,-3.749528,-38.574991,479.04,2019-12-17T15:03:22.490154585Z,916.8,LORA,SF9BW125,267264000,4/5,eui-b827ebfffeb50b01,1429423468,,2,-114,-3,0,-3.7464726,-38.578144,1,registry
bus_gps_data,gps_sensor_4,00C47EF7D5B01DCC,1,196,False,-3.748703,-38.575596,367.77,2019-12-17T15:03:37.105547176Z,916.8,LORA,SF9BW125,267264000,4/5,eui-b827ebfffeb50b01,1446201836,,2,-108,0.8,0,-3.7464726,-38.578144,1,registry
bus_gps_data,gps_sensor_4,00C47EF7D5B01DCC,1,197,False,-3.748365,-38.575725,333.14,2019-12-17T15:03:41.217634132Z,916.8,LORA,SF9BW125,267264000,4/5,eui-b827ebfffeb50b01,1450360652,,2,-117,0.8,0,-3.7464726,-38.578144,1,registry
bus_gps_data,gps_sensor_4,00C47EF7D5B01DCC,1,198,False,-3.748105,-38.57581,308.75,2019-12-17T15:03:45.055574105Z,916.8,LORA,SF9BW125,267264000,4/5,eui-b827ebfffeb50b01,1454185972,,2,-109,-5,0,-3.7464726,-38.578144,1,registry
bus_gps_data,gps_sensor_4,00C47EF7D5B01DCC,1,200,False,-3.747845,-38.575868,288.11,2019-12-17T15:03:53.005664735Z,916.8,LORA,SF9BW125,267264000,4/5,eui-b827ebfffeb50b01,1462167156,,2,-113,0.8,0,-3.7464726,-38.578144,1,registry
bus_gps_data,gps_sensor_4,00C47EF7D5B01DCC,1,252,False,-3.744916,-38.576011,298.27,2019-12-17T15:07:28.447157818Z,916.8,LORA,SF9BW125,267264000,4/5,eui-b827ebfffeb50b01,177521020,,2,-117,2.2,0,-3.7464726,-38.578144,1,registry
bus_gps_data,gps_sensor_4,00C47EF7D5B01DCC,1,254,False,-3.745036,-38.576344,261.23,2019-12-17T15:07:36.645646907Z,916.8,LORA,SF9BW125,267264000,4/5,eui-b827ebfffeb50b01,185761940,,2,-113,-6.8,0,-3.7464726,-38.578144,1,registry
bus_gps_data,gps_sensor_4,00C47EF7D5B01DCC,1,255,False,-3.745097,-38.576383,253.53,2019-12-17T15:07:41.438453729Z,916.8,LORA,SF9BW125,267264000,4/5,eui-b827ebfffeb50b01,190543500,,2,-99,-5,0,-3.7464726,-38.578144,1,registry
bus_gps_data,gps_sensor_4,00C47EF7D5B01DCC,1,257,False,-3.745381,-38.576248,246.89,2019-12-17T15:07:49.858211225Z,916.8,LORA,SF9BW125,267264000,4/5,eui-b827ebfffeb50b01,198964428,,2,-115,-1.8,0,-3.7464726,-38.578144,1,registry
bus_gps_data,gps_sensor_4,00C47EF7D5B01DCC,1,259,False,-3.74563,-38.576154,242.62,2019-12-17T15:07:57.54881857Z,916.8,LORA,SF9BW125,267264000,4/5,eui-b827ebfffeb50b01,206632756,,2,-115,-9,0,-3.7464726,-38.578144,1,registry
bus_gps_data,gps_sensor_4,00C47EF7D5B01DCC,1,262,False,-3.746061,-38.575993,243.5,2019-12-17T15:08:09.598072993Z,916.8,LORA,SF9BW125,267264000,4/5,eui-b827ebfffeb50b01,218677596,,2,-114,-5.8,0,-3.7464726,-38.578144,1,registry
bus_gps_data,gps_sensor_4,00C47EF7D5B01DCC,1,264,False,-3.746246,-38.575907,249.01,2019-12-17T15:08:17.126471234Z,916.8,LORA,SF9BW125,267264000,4/5,eui-b827ebfffeb50b01,226223412,,2,-102,4,0,-3.7464726,-38.578144,1,registry
bus_gps_data,gps_sensor_4,00C47EF7D5B01DCC,1,265,False,-3.746375,-38.575845,254.2,2019-12-17T15:08:20.518624727Z,916.8,LORA,SF9BW125,267264000,4/5,eui-b827ebfffeb50b01,229584636,,2,-107,6.5,0,-3.7464726,-38.578144,1,registry
bus_gps_data,gps_sensor_4,00C47EF7D5B01DCC,1,266,False,-3.746437,-38.57584,254.26,2019-12-17T15:08:24.079583257Z,916.8,LORA,SF9BW125,267264000,4/5,eui-b827ebfffeb50b01,233204780,,2,-107,5,0,-3.7464726,-38.578144,1,registry
bus_gps_data,gps_sensor_4,00C47EF7D5B01DCC,1,273,False,-3.746643,-38.575212,323.65,2019-12-17T15:08:53.533907815Z,916.8,LORA,SF9BW125,267264000,4/5,eui-b827ebfffeb50b01,262499524,,2,-117,-8,0,-3.7464726,-38.578144,1,registry
bus_gps_data,gps_sensor_4,00C47EF7D5B01DCC,1,281,False,-3.746735,-38.575083,338.36,2019-12-17T15:09:24.182877974Z,916.8,LORA,SF9BW125,267264000,4/5,eui-b827ebfffeb50b01,293271060,,2,-114,-5.5,0,-3.7464726,-38.578144,1,registry
bus_gps_data,gps_sensor_4,00C47EF7D5B01DCC,1,284,False,-3.746439,-38.575324,311.45,2019-12-17T15:09:37.224333238Z,916.8,LORA,SF9BW125,267264000,4/5,eui-b827ebfffeb50b01,306340740,,2,-115,3.8,0,-3.7464726,-38.578144,1,registry
bus_gps_data,gps_sensor_4,00C47EF7D5B01DCC,1,285,False,-3.746453,-38.575462,296.08,2019-12-17T15:09:41.46269042Z,916.8,LORA,SF9BW125,267264000,4/5,eui-b827ebfffeb50b01,310478892,,2,-117,-4.2,0,-3.7464726,-38.578144,1,registry
bus_gps_data,gps_sensor_4,00C47EF7D5B01DCC,1,286,False,-3.746485,-38.575594,281.3,2019-12-17T15:09:45.519633921Z,916.8,LORA,SF9BW125,267264000,4/5,eui-b827ebfffeb50b01,314584588,,2,-107,0.8,0,-3.7464726,-38.578144,1,registry
bus_gps_data,gps_sensor_4,00C47EF7D5B01DCC,1,294,False,-3.745502,-38.576238,240.92,2019-12-17T15:10:19.367153867Z,916.8,LORA,SF9BW125,267264000,4/5,eui-b827ebfffeb50b01,348452132,,2,-114,-2.2,0,-3.7464726,-38.578144,1,registry
bus_gps_data,gps_sensor_4,00C47EF7D5B01DCC,1,295,False,-3.745296,-38.576342,243.52,2019-12-17T15:10:23.922698383Z,916.8,LORA,SF9BW125,267264000,4/5,eui-b827ebfffeb50b01,353018236,,2,-115,-6.2,0,-3.7464726,-38.578144,1,registry
bus_gps_data,gps_sensor_4,00C47EF7D5B01DCC,1,297,False,-3.745151,-38.5766,231.52,2019-12-17T15:10:32.354654037Z,916.8,LORA,SF9BW125,267264000,4/5,eui-b827ebfffeb50b01,361448036,,2,-109,5,0,-3.7464726,-38.578144,1,registry
bus_gps_data,gps_sensor_4,00C47EF7D5B01DCC,1,298,False,-3.745196,-38.576763,215.04,2019-12-17T15:10:36.546778381Z,916.8,LORA,SF9BW125,267264000,4/5,eui-b827ebfffeb50b01,365612756,,2,-107,-1.2,0,-3.7464726,-38.578144,1,registry
bus_gps_data,gps_sensor_4,00C47EF7D5B01DCC,1,300,False,-3.745303,-38.577097,181.38,2019-12-17T15:10:43.734039985Z,916.8,LORA,SF9BW125,267264000,4/5,eui-b827ebfffeb50b01,372825860,,2,-106,7,0,-3.7464726,-38.578144,1,registry
bus_gps_data,gps_sensor_4,00C47EF7D5B01DCC,1,301,False,-3.745343,-38.577239,168.26,2019-12-17T15:10:48.194727176Z,916.8,LORA,SF9BW125,267264000,4/5,eui-b827ebfffeb50b01,377313708,,2,-93,5.5,0,-3.7464726,-38.578144,1,registry
bus_gps_data,gps_sensor_4,00C47EF7D5B01DCC,1,303,False,-3.745527,-38.577641,127.84,2019-12-17T15:10:57.06440691Z,916.8,LORA,SF9BW125,267264000,4/5,eui-b827ebfffeb50b01,386106524,,2,-89,7,0,-3.7464726,-38.578144,1,registry
bus_gps_data,gps_sensor_4,00C47EF7D5B01DCC,1,304,False,-3.745667,-38.577793,106.96,2019-12-17T15:11:01.740826178Z,916.8,LORA,SF9BW125,267264000,4/5,eui-b827ebfffeb50b01,390811340,,2,-82,7,0,-3.7464726,-38.578144,1,registry
bus_gps_data,gps_sensor_4,00C47EF7D5B01DCC,1,306,False,-3.745653,-38.577974,103.29,2019-12-17T15:11:09.167156532Z,916.8,LORA,SF9BW125,267264000,4/5,eui-b827ebfffeb50b01,398250388,,2,-113,-2,0,-3.7464726,-38.578144,1,registry
bus_gps_data,gps_sensor_4,00C47EF7D5B01DCC,1,308,False,-3.745424,-38.578175,127.47,2019-12-17T15:11:16.2836252Z,916.8,LORA,SF9BW125,267264000,4/5,eui-b827ebfffeb50b01,405361636,,2,-95,4,0,-3.7464726,-38.578144,1,registry
bus_gps_data,gps_sensor_4,00C47EF7D5B01DCC,1,309,False,-3.74528,-38.578274,144.3,2019-12-17T15:11:20.194245933Z,916.8,LORA,SF9BW125,267264000,4/5,eui-b827ebfffeb50b01,409310900,,2,-97,7,0,-3.7464726,-38.578144,1,registry
bus_gps_data,gps_sensor_4,00C47EF7D5B01DCC,1,310,False,-3.745121,-38.578346,162.88,2019-12-17T15:11:24.983461689Z,916.8,LORA,SF9BW125,267264000,4/5,eui-b827ebfffeb50b01,414104260,,2,-100,5.2,0,-3.7464726,-38.578144,1,registry
bus_gps_data,gps_sensor_4,00C47EF7D5B01DCC,1,312,False,-3.744761,-38.57845,204.27,2019-12-17T15:11:34.803441602Z,916.8,LORA,SF9BW125,267264000,4/5,eui-b827ebfffeb50b01,423823900,,2,-99,6.2,0,-3.7464726,-38.578144,1,registry
bus_gps_data,gps_sensor_4,00C47EF7D5B01DCC,1,314,False,-3.744345,-38.578376,248.91,2019-12-17T15:11:43.120941134Z,916.8,LORA,SF9BW125,267264000,4/5,eui-b827ebfffeb50b01,432176964,,2,-113,-3,0,-3.7464726,-38.578144,1,registry
bus_gps_data,gps_sensor_4,00C47EF7D5B01DCC,1,315,False,-3.744201,-38.578342,264.47,2019-12-17T15:11:46.456133793Z,916.8,LORA,SF9BW125,267264000,4/5,eui-b827ebfffeb50b01,435538180,,2,-113,-4.2,0,-3.7464726,-38.578144,1,registry
bus_gps_data,gps_sensor_4,00C47EF7D5B01DCC,1,317,False,-3.744044,-38.578072,280.92,2019-12-17T15:11:57.143564804Z,916.8,LORA,SF9BW125,267264000,4/5,eui-b827ebfffeb50b01,445380148,,2,-112,-1,0,-3.7464726,-38.578144,1,registry
bus_gps_data,gps_sensor_4,00C47EF7D5B01DCC,1,323,False,-3.743515,-38.57692,365.16,2019-12-17T15:12:18.544452952Z,916.8,LORA,SF9BW125,267264000,4/5,eui-b827ebfffeb50b01,467611012,,2,-115,-1.8,0,-3.7464726,-38.578144,1,registry
bus_gps_data,gps_sensor_4,00C47EF7D5B01DCC,1,335,False,-3.741931,-38.576235,556.99,2019-12-17T15:13:08.658848695Z,916.8,LORA,SF9BW125,267264000,4/5,eui-b827ebfffeb50b01,517713180,,2,-114,-7.8,0,-3.7464726,-38.578144,1,registry
bus_gps_data,gps_sensor_4,00C47EF7D5B01DCC,1,338,False,-3.741927,-38.576799,536.96,2019-12-17T15:13:20.974134528Z,916.8,LORA,SF9BW125,267264000,4/5,eui-b827ebfffeb50b01,530068476,,2,-117,-10,0,-3.7464726,-38.578144,1,registry
bus_gps_data,gps_sensor_4,00C47EF7D5B01DCC,1,340,False,-3.742042,-38.577098,516.33,2019-12-17T15:13:29.068517235Z,916.8,LORA,SF9BW125,267264000,4/5,eui-b827ebfffeb50b01,538111628,,2,-106,3.5,0,-3.7464726,-38.578144,1,registry
bus_gps_data,gps_sensor_4,00C47EF7D5B01DCC,1,344,False,-3.742419,-38.577453,467.63,2019-12-17T15:13:46.182502617Z,916.8,LORA,SF9BW125,267264000,4/5,eui-b827ebfffeb50b01,555201388,,2,-114,-11.8,0,-3.7464726,-38.578144,1,registry
bus_gps_data,gps_sensor_4,00C47EF7D5B01DCC,1,345,False,-3.742512,-38.577536,456.0,2019-12-17T15:13:50.095738803Z,916.8,LORA,SF9BW125,267264000,4/5,eui-b827ebfffeb50b01,559168364,,2,-114,-5,0,-3.7464726,-38.578144,1,registry
bus_gps_data,gps_sensor_4,00C47EF7D5B01DCC,1,346,False,-3.742593,-38.577622,445.79,2019-12-17T15:13:54.538814237Z,916.8,LORA,SF9BW125,267264000,4/5,eui-b827ebfffeb50b01,563634116,,2,-108,4.8,0,-3.7464726,-38.578144,1,registry
bus_gps_data,gps_sensor_4,00C47EF7D5B01DCC,1,347,False,-3.74269,-38.577732,433.68,2019-12-17T15:13:58.655114142Z,916.8,LORA,SF9BW125,267264000,4/5,eui-b827ebfffeb50b01,567730964,,2,-114,-0.8,0,-3.7464726,-38.578144,1,registry
bus_gps_data,gps_sensor_4,00C47EF7D5B01DCC,1,350,False,-3.743033,-38.578026,393.47,2019-12-17T15:14:11.833537085Z,916.8,LORA,SF9BW125,267264000,4/5,eui-b827ebfffeb50b01,580916404,,2,-114,-2.2,0,-3.7464726,-38.578144,1,registry
bus_gps_data,gps_sensor_4,00C47EF7D5B01DCC,1,351,False,-3.743133,-38.578133,382.19,2019-12-17T15:14:15.218899262Z,916.8,LORA,SF9BW125,267264000,4/5,eui-b827ebfffeb50b01,584277788,,2,-108,2,0,-3.7464726,-38.578144,1,registry
bus_gps_data,gps_sensor_4,00C47EF7D5B01DCC,1,353,False,-3.743425,-38.578455,351.6,2019-12-17T15:14:24.974939078Z,916.8,LORA,SF9BW125,267264000,4/5,eui-b827ebfffeb50b01,594057780,,2,-111,4.5,0,-3.7464726,-38.578144,1,registry
bus_gps_data,gps_sensor_4,00C47EF7D5B01DCC,1,354,False,-3.743584,-38.578656,337.17,2019-12-17T15:14:29.893142751Z,916.8,LORA,SF9BW125,267264000,4/5,eui-b827ebfffeb50b01,598998716,,2,-110,-6,0,-3.7464726,-38.578144,1,registry
bus_gps_data,gps_sensor_4,00C47EF7D5B01DCC,1,356,False,-3.74381,-38.578698,313.36,2019-12-17T15:14:38.514470947Z,916.8,LORA,SF9BW125,267264000,4/5,eui-b827ebfffeb50b01,607638052,,2,-105,0.2,0,-3.7464726,-38.578144,1,registry
bus_gps_data,gps_sensor_4,00C47EF7D5B01DCC,1,357,False,-3.743943,-38.578605,296.87,2019-12-17T15:14:41.927495185Z,916.8,LORA,SF9BW125,267264000,4/5,eui-b827ebfffeb50b01,610999252,,2,-109,2,0,-3.7464726,-38.578144,1,registry
bus_gps_data,gps_sensor_4,00C47EF7D5B01DCC,1,359,False,-3.744161,-38.578418,269.78,2019-12-17T15:14:49.280569253Z,916.8,LORA,SF9BW125,267264000,4/5,eui-b827ebfffeb50b01,618306028,,2,-101,6,0,-3.7464726,-38.578144,1,registry
bus_gps_data,gps_sensor_4,00C47EF7D5B01DCC,1,361,False,-3.744481,-38.578466,235.28,2019-12-17T15:14:57.005133057Z,916.8,LORA,SF9BW125,267264000,4/5,eui-b827ebfffeb50b01,625924212,,2,-101,7.2,0,-3.7464726,-38.578144,1,registry
bus_gps_data,gps_sensor_4,00C47EF7D5B01DCC,1,366,False,-3.745423,-38.578203,127.75,2019-12-17T15:15:18.445358403Z,916.8,LORA,SF9BW125,267264000,4/5,eui-b827ebfffeb50b01,647521060,,2,-88,7,0,-3.7464726,-38.578144,1,registry
bus_gps_data,gps_sensor_4,00C47EF7D5B01DCC,1,368,False,-3.745748,-38.577975,92.87,2019-12-17T15:15:25.695108875Z,916.8,LORA,SF9BW125,267264000,4/5,eui-b827ebfffeb50b01,654661124,,2,-81,8,0,-3.7464726,-38.578144,1,registry
bus_gps_data,gps_sensor_4,00C47EF7D5B01DCC,1,369,False,-3.745869,-38.577962,79.99,2019-12-17T15:15:28.955231211Z,916.8,LORA,SF9BW125,267264000,4/5,eui-b827ebfffeb50b01,658022332,,2,-83,8,0,-3.7464726,-38.578144,1,registry
bus_gps_data,gps_sensor_4,00C47EF7D5B01DCC,1,370,False,-3.746052,-38.577959,60.45,2019-12-17T15:15:33.803014155Z,916.8,LORA,SF9BW125,267264000,4/5,eui-b827ebfffeb50b01,662908620,,2,-80,8.2,0,-3.7464726,-38.578144,1,registry
bus_gps_data,gps_sensor_4,00C47EF7D5B01DCC,1,374,False,-3.746494,-38.577984,17.93,2019-12-17T15:15:51.422184886Z,916.8,LORA,SF9BW125,267264000,4/5,eui-b827ebfffeb50b01,680213916,,2,-75,8,0,-3.7464726,-38.578144,1,registry
bus_gps_data,gps_sensor_4,00C47EF7D5B01DCC,1,376,False,-3.746487,-38.577953,21.36,2019-12-17T15:15:58.883367747Z,916.8,LORA,SF9BW125,267264000,4/5,eui-b827ebfffeb50b01,688003412,,2,-83,6.5,0,-3.7464726,-38.578144,1,registry
bus_gps_data,gps_sensor_4,00C47EF7D5B01DCC,1,377,False,-3.746487,-38.577961,20.56,2019-12-17T15:16:02.819009587Z,916.8,LORA,SF9BW125,267264000,4/5,eui-b827ebfffeb50b01,691784444,,2,-74,6.5,0,-3.7464726,-38.578144,1,registry
